CASE_ID,ACCIDENT_YEAR,PROC_DATE,JURIS,COLLISION_DATE,COLLISION_TIME,OFFICER_ID,REPORTING_DISTRICT,DAY_OF_WEEK,CHP_SHIFT,POPULATION,CNTY_CITY_LOC,SPECIAL_COND,BEAT_TYPE,CHP_BEAT_TYPE,CITY_DIVISION_LAPD,CHP_BEAT_CLASS,BEAT_NUMBER,PRIMARY_RD,SECONDARY_RD,DISTANCE,DIRECTION,INTERSECTION,WEATHER_1,WEATHER_2,STATE_HWY_IND,CALTRANS_COUNTY,CALTRANS_DISTRICT,STATE_ROUTE,ROUTE_SUFFIX,POSTMILE_PREFIX,POSTMILE,LOCATION_TYPE,RAMP_INTERSECTION,SIDE_OF_HWY,TOW_AWAY,COLLISION_SEVERITY,NUMBER_KILLED,NUMBER_INJURED,PARTY_COUNT,PRIMARY_COLL_FACTOR,PCF_CODE_OF_VIOL,PCF_VIOL_CATEGORY,PCF_VIOLATION,PCF_VIOL_SUBSECTION,HIT_AND_RUN,TYPE_OF_COLLISION,MVIW,PED_ACTION,ROAD_SURFACE,ROAD_COND_1,ROAD_COND_2,LIGHTING,CONTROL_DEVICE,CHP_ROAD_TYPE,PEDESTRIAN_ACCIDENT,BICYCLE_ACCIDENT,MOTORCYCLE_ACCIDENT,TRUCK_ACCIDENT,NOT_PRIVATE_PROPERTY,ALCOHOL_INVOLVED,STWD_VEHTYPE_AT_FAULT,CHP_VEHTYPE_AT_FAULT,COUNT_SEVERE_INJ,COUNT_VISIBLE_INJ,COUNT_COMPLAINT_PAIN,COUNT_PED_KILLED,COUNT_PED_INJURED,COUNT_BICYCLIST_KILLED,COUNT_BICYCLIST_INJURED,COUNT_MC_KILLED,COUNT_MC_INJURED,PRIMARY_RAMP,SECONDARY_RAMP,LATITUDE,LONGITUDE,COUNTY,CITY,POINT_X,POINT_Y
91626370,2021,2021-11-16,9125,2021-10-27,0300,021929,,3,3,9,1200,0,1,3,,1,061,SR-299,"NEW 3 CREEKS ROAD",400.00,E,N,B,-,Y,,,299,,,,,,,Y,4,0,1,1,A,-,08,22107,,N,F,A,A,B,H,-,A,D,0,,,,,Y,,A,08,0,0,1,0,0,0,0,0,0,"- ","- ",40.919410705566406,-123.69819641113281,HUMBOLDT,UNINCORPORATED,-123.69814300537109,40.919357299804688
91626911,2021,2021-11-17,9125,2021-10-26,1400,022677,,2,2,9,1200,0,1,2,,2,045,"US-101 N/B","STAFFORD RD",4224.00,S,N,B,-,Y,,,101,,,,,,N,Y,3,0,1,1,A,-,08,22107,,N,F,A,A,B,H,-,A,D,0,,,,,Y,,E,22,0,1,0,0,0,0,0,0,0,"- ","- ",40.452259063720703,-124.04470825195312,HUMBOLDT,UNINCORPORATED,-124.04466247558594,40.452339172363281
91628762,2021,2021-11-18,9125,2021-11-03,1105,014643,,3,1,9,1200,0,1,2,,2,019,"MURRAY ROAD","US-101 NORTHBOUND OFF/ONRAMPS",0.00,,Y,A,-,Y,,,,,,,,,,Y,3,0,1,2,A,-,09,21802,A,N,D,C,A,A,H,-,A,A,0,,,,,Y,,A,07,0,1,0,0,0,0,0,0,0,"- ","- ",40.956249237060547,-124.11563110351562,HUMBOLDT,UNINCORPORATED,,
91634829,2021,2021-11-24,9125,2021-11-06,1225,019243,,6,1,9,1200,0,1,3,,1,061,SR-299,"TITLOW HILL RD",17952.00,E,N,B,-,Y,,,299,,,,,,,Y,3,0,1,1,A,-,03,22350,,N,E,I,A,B,H,-,A,D,0,,,,,Y,,D,22,0,1,0,0,0,0,0,0,0,"- ","- ",40.907649993896484,-123.71884918212891,HUMBOLDT,UNINCORPORATED,-123.71889495849609,40.907768249511719
91635925,2021,2021-11-29,9125,2021-11-14,1930,022314,Hoopa,7,2,9,1200,0,2,4,,1,011,"PINE CREEK ROAD","BEAVER CREEK ROAD",2112.00,N,N,A,-,N,,,,,,,,,,Y,3,0,1,1,A,-,08,22107,,N,E,I,A,A,H,-,D,D,0,,,,,Y,,D,22,0,1,0,0,0,0,0,0,0,"- ","- ",41.103610992431641,-123.70903778076172,HUMBOLDT,UNINCORPORATED,,
91650247,2021,2021-12-13,9125,2021-12-05,0445,022402,,7,3,9,1200,0,1,2,,2,022,"US-101 S/B","11TH STREET OVERCROSSING",75.00,S,N,A,-,Y,,,,,,,,,,Y,3,0,1,1,A,-,01,23152,F,M,E,8,A,A,H,-,D,D,0,,,,,Y,,A,01,0,1,0,0,0,0,0,0,0,"- ","- ",40.868869781494141,-124.08338165283203,HUMBOLDT,UNINCORPORATED,-124.08318328857422,40.869598388671875
91652123,2021,2021-12-14,9126,2021-11-26,1040,022516,,5,1,9,1200,0,1,2,,2,022,US-101,"SORENSON ROAD",8976.00,S,N,A,-,Y,,,101,,,,,,,Y,3,0,1,1,A,-,08,22107,,N,E,8,A,A,H,-,A,D,0,,,,,Y,,A,01,0,1,0,0,0,0,0,0,0,"- ","- ",40.381698608398438,-123.92859649658203,HUMBOLDT,UNINCORPORATED,-123.92855072021484,40.3817138671875
91657793,2021,2021-12-21,9125,2021-11-03,1852,021929,Hoopa,3,2,9,1200,0,3,5,,2,005,SR-96,"CAL PACK ROAD",350.00,N,N,B,C,Y,,,96,,,,,,,Y,1,1,0,2,A,-,01,23152,F,N,D,C,A,B,H,-,D,D,0,,,Y,,Y,,C,02,0,0,0,0,0,0,0,1,0,"- ","- ",41.029041290283203,-123.66062164306641,HUMBOLDT,UNINCORPORATED,-123.66060638427734,41.029067993164062
91661253,2021,2021-12-24,9126,2021-12-14,2245,021846,,2,3,9,1200,0,2,4,,1,002,"BRICELAND ROAD","EEL RIVER LANE",816.00,W,N,C,-,N,,,,,,,,,,Y,3,0,1,1,A,-,03,22350,,N,F,A,A,B,H,-,D,D,0,,,,,Y,,A,07,0,1,0,0,0,0,0,0,0,"- ","- ",40.122188568115234,-123.83722686767578,HUMBOLDT,UNINCORPORATED,,
91663378,2021,2021-12-28,9125,2021-12-11,1150,019243,,6,1,9,1200,0,1,3,,1,060,SR-299,"BLUE LAKE BLVD",33792.00,E,N,B,C,Y,,,299,,,,,,,Y,2,0,2,1,A,-,03,22350,,N,E,9,A,B,H,-,A,D,0,,,,,Y,,A,01,1,1,0,0,0,0,0,0,0,"- ","- ",40.933708190917969,-123.90038299560547,HUMBOLDT,UNINCORPORATED,-123.90057373046875,40.933750152587891
91665361,2021,2021-12-29,9125,2021-12-06,2019,020962,,1,2,9,1200,0,1,2,,2,016,US-101,"N. PRAIRIE CREEK PARK UNDERCROSSING",16368.00,S,N,C,-,Y,,,101,,,,,,,Y,3,0,1,1,A,-,03,22350,,N,E,I,A,B,H,-,D,D,0,,,,,Y,,A,01,0,1,0,0,0,0,0,0,0,"- ","- ",41.427879333496094,-124.01096343994141,HUMBOLDT,UNINCORPORATED,-124.01094055175781,41.427955627441406
91665890,2021,2021-12-29,9125,2021-11-30,0345,022654,,2,3,9,1200,0,1,3,,1,025,"STATE ROUTE 255 NORTHBOUND","V STREET",305.00,W,N,A,-,Y,,,255,,,,,,N,Y,2,0,1,1,A,-,01,23152,A,N,E,I,A,A,H,-,D,D,0,,,,,Y,Y,A,07,1,0,0,0,0,0,0,0,0,"- ","- ",40.868000030517578,-124.10730743408203,HUMBOLDT,UNINCORPORATED,-124.10730743408203,40.868106842041016
91667646,2021,2021-12-31,9125,2021-12-17,2100,022460,,5,2,9,1200,0,1,2,,2,044,US-101,"SINGLEY ROAD",2640.00,N,N,A,-,Y,,,101,,,,,,,Y,3,0,1,1,A,-,08,22107,,N,E,I,A,A,H,-,D,D,0,,,,,Y,,A,01,0,1,0,0,0,0,0,0,0,"- ","- ",40.625709533691406,-124.21652221679688,HUMBOLDT,UNINCORPORATED,-124.21642303466797,40.625740051269531
91667674,2021,2021-12-31,9126,2021-12-25,1420,021827,,6,2,9,1200,0,3,5,,2,444,"SEWELL DRIVE","SPRING STREET",150.00,N,N,B,-,N,,,,,,,,,,Y,2,0,1,1,A,-,01,23152,A,N,F,A,A,B,H,-,A,D,0,,,,,Y,Y,A,07,1,0,0,0,0,0,0,0,0,"- ","- ",40.321941375732422,-123.92076110839844,HUMBOLDT,UNINCORPORATED,-123.92073822021484,40.321998596191406
91670320,2021,2022-01-04,9125,2021-12-23,0945,020717,,4,1,9,1200,0,1,2,,2,030,"SOUTHBOUND US-101","ORCHARD STREET",2112.00,S,N,B,C,Y,,,101,,,,,,,Y,4,0,1,1,A,-,03,22350,,N,E,I,A,B,H,-,A,D,0,,,,,Y,,A,01,0,0,1,0,0,0,0,0,0,"- ","- ",40.719310760498047,-124.21563720703125,HUMBOLDT,UNINCORPORATED,-124.21568298339844,40.719310760498047
91673300,2021,2022-01-07,9125,2021-12-25,2328,022402,,6,3,9,1200,0,1,2,,2,045,"US-101 S/B",SR-36,4752.00,S,N,F,-,Y,,,101,,,,,,S,Y,3,0,1,1,A,-,03,22350,,N,E,8,A,C,G,-,D,D,0,,,,,Y,,D,22,0,1,0,0,0,0,0,0,0,"- ","- ",40.536121368408203,-124.14875793457031,HUMBOLDT,UNINCORPORATED,-124.14852905273438,40.535957336425781
91675913,2021,2022-01-11,9125,2021-12-31,1951,021450,,5,2,9,1200,0,1,3,,1,047,SR-36,"CREEKSIDE LN",26.00,E,N,B,-,Y,,,36,,,,,,,Y,4,0,1,1,A,-,03,22350,,N,F,A,A,B,H,-,D,D,0,,,,,Y,Y,D,22,0,0,1,0,0,0,0,0,0,"- ","- ",40.534229278564453,-124.05787658691406,HUMBOLDT,UNINCORPORATED,-124.05780029296875,40.534336090087891
91681146,2021,2022-01-19,9125,2021-12-27,0811,022677,,1,1,9,1200,0,1,2,,2,044,"US-101 SOUTHBOUND","FERNBRIDGE DR",85.00,S,N,C,F,Y,,,101,,,,,,S,Y,3,0,1,1,A,-,03,22350,,N,F,A,A,C,H,-,A,D,0,,,,,Y,,A,07,0,1,0,0,0,0,0,0,0,"- ","- ",40.611930847167969,-124.19120788574219,HUMBOLDT,UNINCORPORATED,-124.19109344482422,40.612071990966797
91784320,2021,2022-05-30,9126,2021-10-16,1815,022610,,6,2,9,1200,0,3,5,,2,444,"HOAGLAND ROAD","ZENIA BLUFF RD",13570.00,N,N,A,-,N,,,,,,,,,,Y,1,1,0,1,A,-,08,22107,,N,F,A,A,A,H,-,B,D,0,,,,,Y,,D,22,0,0,0,0,0,0,0,0,0,"- ","- ",40.162158966064453,-123.56501007080078,HUMBOLDT,UNINCORPORATED,-123.57994079589844,40.184471130371094
91840024,2021,2022-08-15,9126,2021-05-10,0030,022516,,1,3,9,1200,0,1,2,,2,022,"US 101 S/B","DYERVILLE LOOP ROAD",7920.00,N,N,A,G,Y,,,,,,,,,,Y,1,1,0,1,D,-,00,,,N,E,9,A,A,C,-,D,D,0,,,,Y,Y,,-,"- ",0,0,0,0,0,0,0,0,0,"- ","- ",40.372470855712891,-123.92677307128906,HUMBOLDT,UNINCORPORATED,,
9221591,2021,2021-03-04,1203,2021-02-01,1600,4084,P16,1,5,4,1203,0,0,0,,0,001,"5TH ST","D ST",0.00,,Y,C,-,Y,HUM,1,101,-,-,78.397,I,5,N,N,3,0,1,2,A,-,21,22106,,N,D,C,A,B,H,-,A,A,0,,,,,Y,,A,07,0,1,0,0,0,0,0,0,0,"- ","- ",,,HUMBOLDT,EUREKA,-124.16812896728516,40.801609039306641
9241347,2021,2021-04-06,1203,2021-01-26,1130,0460,P16,2,5,4,1203,0,0,0,,0,001,"H ST","7TH ST",18.00,N,N,B,-,N,,,,,,,,,,Y,3,0,1,2,A,-,12,21453,A,N,D,C,A,A,H,-,A,A,0,,,,,Y,,A,01,0,1,0,0,0,0,0,0,0,"- ","- ",40.800590515136719,-124.16342926025391,HUMBOLDT,EUREKA,-124.16342163085938,40.800640106201172
9241911,2021,2021-04-19,1203,2021-03-21,1551,4084,P27,7,5,4,1203,0,0,0,,0,003,MYRTLE,8TH,183.00,N,N,A,-,N,,,,,,,,,,Y,2,0,1,1,A,-,01,23152,A,M,E,I,A,A,H,-,A,D,0,,,,,Y,Y,A,01,1,0,0,0,0,0,0,0,0,"- ","- ",40.799770355224609,-124.15141296386719,HUMBOLDT,EUREKA,-124.15137481689453,40.801822662353516
9242048,2021,2021-04-09,1203,2021-02-20,1818,4107,P41,6,5,4,1203,0,0,0,,0,003,"TRINITY ST","E ST",0.00,,Y,A,-,N,,,,,,,,,,Y,3,0,1,2,A,-,09,21802,A,N,D,C,A,A,H,-,C,A,0,,,,,Y,,A,01,0,1,0,0,0,0,0,0,0,"- ","- ",40.787960052490234,-124.16477966308594,HUMBOLDT,EUREKA,-124.16459655761719,40.787803649902344
9243156,2021,2021-04-15,1203,2021-03-16,1527,4036,P15,2,5,4,1203,0,0,0,,0,001,"7TH ST","A ST",0.00,,Y,A,-,N,,,,,,,,,,N,4,0,1,2,A,-,09,21802,A,N,D,C,A,A,H,-,A,A,0,,,,,Y,,A,07,0,0,1,0,0,0,0,0,0,"- ","- ",,,HUMBOLDT,EUREKA,-124.17093658447266,40.799556732177734
9243893,2021,2021-04-21,1203,2021-04-04,1558,4084,P55,7,5,4,1203,0,0,0,,0,003,HENDERSON,D,149.00,W,N,A,-,N,,,,,,,,,,Y,3,0,2,4,A,-,01,23152,A,N,C,E,A,A,H,-,A,A,0,,,,,Y,Y,A,01,0,1,1,0,0,0,0,0,0,"- ","- ",40.782840728759766,-124.16573333740234,HUMBOLDT,EUREKA,-124.16630554199219,40.782890319824219
9258083,2021,2021-05-04,1203,2021-04-07,1418,4099,P52,3,5,4,1203,0,0,0,,0,002,"W HARRIS ST","FAIRFIELD ST",0.00,,Y,A,-,N,,,,,,,,,,N,3,0,1,2,A,-,09,21802,A,N,D,C,A,A,H,-,A,D,0,,,,,Y,,A,01,0,1,0,0,0,0,0,0,0,"- ","- ",40.780559539794922,-124.18345642089844,HUMBOLDT,EUREKA,-124.18348693847656,40.780582427978516
9260106,2021,2021-05-20,1203,2021-04-18,2242,4101,P32,7,5,4,1203,0,0,0,,0,002,"C ST","WABASH AV",0.00,,Y,A,-,N,,,,,,,,,,N,3,0,1,2,A,-,00,21951,A,F,G,B,D,A,H,-,C,D,0,Y,,,,Y,,B,01,0,1,0,0,1,0,0,0,0,"- ","- ",40.791149139404297,-124.16393280029297,HUMBOLDT,EUREKA,-124.16862487792969,40.791473388671875
9262210,2021,2021-05-07,1203,2021-04-05,1051,4048,P18,1,5,4,1203,0,0,0,,0,001,"7TH ST","MYRTLE AV",0.00,,Y,A,-,N,,,,,,,,,,N,3,0,2,2,A,-,09,21801,A,N,D,C,A,A,H,-,A,D,0,,,,,Y,,A,01,0,1,1,0,0,0,0,0,0,"- ","- ",40.802330017089844,-124.15194702148438,HUMBOLDT,EUREKA,-124.15195465087891,40.802345275878906
9263258,2021,2021-06-09,1203,2021-05-06,1510,4099,P17,4,5,4,1203,0,0,0,,0,001,5TH,L,0.00,,Y,A,-,Y,HUM,1,101,-,L,78.849,I,5,S,Y,4,0,2,2,A,-,12,21453,A,N,D,C,A,A,H,-,A,A,0,,,,,Y,,A,01,0,0,2,0,0,0,0,0,0,"- ","- ",40.802570343017578,-124.15955352783203,HUMBOLDT,EUREKA,-124.15955352783203,40.802570343017578
9274821,2021,2021-07-15,1203,2021-06-06,0510,4084,P37,7,5,4,1203,0,0,0,,0,002,"BROADWAY ST","VIGO ST",700.00,N,N,A,-,Y,HUM,1,101,-,-,76.880,H,-,N,Y,2,0,1,3,A,-,01,23152,A,N,C,E,A,A,H,-,B,A,0,,,,,Y,Y,D,22,1,0,0,0,0,0,0,0,0,"- ","- ",40.785518646240234,-124.18148040771484,HUMBOLDT,EUREKA,-124.18158721923828,40.785816192626953
9275579,2021,2021-08-17,1203,2021-06-24,1824,4099,P28,4,5,4,1203,0,0,0,,0,003,"WEST BLUE ROCK RD",MYRTLE,242.00,S,N,A,-,N,,,,,,,,,,Y,3,0,2,3,A,-,08,22107,,N,B,E,A,A,H,-,A,D,0,,,,,Y,,A,01,0,2,0,0,0,0,0,0,0,"- ","- ",40.799560546875,-124.14813995361328,HUMBOLDT,EUREKA,-124.14746856689453,40.79913330078125
9275583,2021,2021-08-06,1203,2021-06-21,1109,4044,P18,1,5,4,1203,0,0,0,,0,001,"5TH ST","N S",0.00,W,N,A,-,Y,,,101,,,,,,,N,3,0,1,2,A,-,03,22350,,N,C,C,A,A,H,-,A,D,0,,,,Y,Y,,G,25,0,1,0,0,0,0,0,0,0,"- ","- ",40.803138732910156,-124.15728759765625,HUMBOLDT,EUREKA,-124.15728759765625,40.803119659423828
9287197,2021,2021-08-20,1203,2021-07-16,1750,4075,P31,5,5,4,1203,0,0,0,,0,002,BROADWAY,"W WABASH AV",369.00,N,N,A,-,N,,,,,,,,,,N,3,0,2,3,A,-,03,22350,,F,C,C,A,A,H,-,A,A,0,,,,,Y,,A,01,0,1,1,0,0,0,0,0,0,"- ","- ",40.798080444335938,-124.17613220214844,HUMBOLDT,EUREKA,-124.17782592773438,40.792453765869141
9294134,2021,2021-08-11,1203,2021-04-21,1602,4076,P22,3,5,4,1203,0,0,0,,0,001,"RT 101","W CLARK ST",0.00,,Y,A,-,Y,HUM,1,101,-,-,77.680,I,5,S,N,2,0,1,2,A,-,11,21950,B,N,G,B,D,A,H,-,A,D,0,Y,,,Y,Y,,N,60,1,0,0,0,1,0,0,0,0,"- ","- ",40.796348571777344,-124.17584228515625,HUMBOLDT,EUREKA,-124.17545318603516,40.796665191650391
9294535,2021,2021-08-10,1203,2021-06-28,0802,4044,P24,1,5,4,1203,0,0,0,,0,001,E,14,0.00,,Y,A,-,N,,,,,,,,,,N,3,0,1,2,A,-,12,21453,A,N,D,C,A,A,H,-,A,A,0,,,,,Y,,-,"- ",0,1,0,0,0,0,0,0,0,"- ","- ",40.794509887695312,-124.16549682617188,HUMBOLDT,EUREKA,-124.16529846191406,40.794380187988281
9295947,2021,2021-08-05,1205,2021-05-28,1703,0110,1-01,5,5,3,1205,0,0,0,,0,,"N FORTUNA BL","MAIN ST",13.00,E,N,A,-,N,,,,,,,,,,N,4,0,2,2,A,-,04,21703,,N,C,C,A,A,H,-,A,A,0,,,,,Y,,A,07,0,0,2,0,0,0,0,0,0,"- ","- ",40.597408294677734,-124.14737701416016,HUMBOLDT,FORTUNA,-124.14689636230469,40.596790313720703
9296075,2021,2021-09-01,1203,2021-06-13,1710,5104,P17,7,5,4,1203,0,0,0,,0,001,"H ST","7TH ST",7.00,E,N,C,-,N,,,,,,,,,,Y,4,0,1,2,A,-,12,21453,,N,D,C,A,B,H,-,A,A,0,,,,,Y,,D,22,0,0,1,0,0,0,0,0,0,"- ","- ",40.800590515136719,-124.16342926025391,HUMBOLDT,EUREKA,-124.16340637207031,40.800571441650391
9301163,2021,2021-08-13,1203,2021-07-22,2115,4076,P15,4,5,4,1203,0,0,0,,0,001,"BROADWAY ST","6TH ST",87.00,N,N,A,-,Y,HUM,1,101,-,-,77.930,H,-,S,N,3,0,1,1,A,-,08,22107,,N,F,A,A,A,H,-,C,D,0,,,Y,,Y,,C,02,0,1,0,0,0,0,0,0,1,"- ","- ",40.800270080566406,-124.17508697509766,HUMBOLDT,EUREKA,-124.17514038085938,40.800270080566406
9315967,2021,2021-09-16,1203,2021-08-04,1239,4043,P17,3,5,4,1203,0,0,0,,0,001,"H ST","5TH ST",0.00,,Y,A,-,Y,HUM,1,101,-,-,78.626,I,5,N,Y,2,0,4,3,A,-,12,21453,A,N,D,C,A,A,H,-,A,A,0,,,,,Y,,A,01,1,3,0,0,0,0,0,0,0,"- ","- ",40.802230834960938,-124.163818359375,HUMBOLDT,EUREKA,-124.16379547119141,40.802200317382812
9346020,2021,2021-10-29,1203,2021-09-22,1720,4124,P50,3,5,4,1203,0,0,0,,0,003,"HARRISON AV","RENFREW ST",0.00,,Y,A,-,N,,,,,,,,,,N,2,0,1,2,A,-,10,21950,A,N,G,B,D,A,H,-,A,A,0,Y,,,,Y,,D,22,1,0,0,0,1,0,0,0,0,"- ","- ",40.785240173339844,-124.13995361328125,HUMBOLDT,EUREKA,-124.13964080810547,40.785427093505859
9356316,2021,2021-11-17,1203,2021-07-09,1700,4107,P63,5,5,4,1203,0,0,0,,0,003,"HODGSON ST","H ST",0.00,,Y,A,-,N,,,,,,,,,,Y,3,0,2,2,A,-,09,21804,A,N,D,C,A,A,H,-,A,A,0,,,,,Y,,A,07,0,1,1,0,0,0,0,0,0,"- ","- ",40.778728485107422,-124.16134643554688,HUMBOLDT,EUREKA,-124.16136169433594,40.778728485107422
9357320,2021,2021-11-13,1201,2021-09-27,1645,660,307,1,5,3,1201,0,0,0,,0,00S,"SAMOA BL","G ST",0.00,,Y,C,-,N,,,,,,,,,,Y,4,0,1,2,A,-,08,22107,,N,A,C,A,B,H,-,A,A,0,,,,,Y,,A,01,0,0,1,0,0,0,0,0,0,"- ","- ",40.864940643310547,-124.08721160888672,HUMBOLDT,ARCATA,-124.08719635009766,40.864940643310547
9366575,2021,2021-12-20,1203,2021-10-11,1333,4105,P17,1,5,4,1203,0,0,0,,0,001,"4TH ST","K ST",0.00,,Y,A,-,Y,HUM,1,101,-,-,78.800,H,-,S,Y,3,0,2,2,A,-,03,22350,A,N,C,C,A,A,H,-,A,D,0,,,,,Y,,A,07,0,1,1,0,0,0,0,0,0,"- ","- ",40.803539276123047,-124.16071319580078,HUMBOLDT,EUREKA,-124.16055297851562,40.803543090820312
9368028,2021,2021-12-10,1201,2021-10-21,1532,658,108,4,5,3,1201,0,0,0,,0,00N,"SUNSET AV","FOSTER AV",80.00,E,N,C,-,N,,,,,,,,,,N,3,0,1,2,A,-,05,21651,B,N,H,G,A,B,H,-,A,D,0,,Y,,,Y,,L,04,0,1,0,0,0,0,1,0,0,"- ","- ",40.879711151123047,-124.08479309082031,HUMBOLDT,ARCATA,-124.08464813232422,40.879512786865234
9372267,2021,2021-11-29,1201,2021-08-22,2125,643,101,7,5,3,1201,0,0,0,,0,0VW,"HEINDON RD","JANES RD",213.00,E,N,A,-,N,,,,,,,,,,Y,3,0,3,3,A,-,01,23153,A,N,A,C,A,A,H,-,C,D,0,,,,,Y,Y,A,08,0,2,1,0,0,0,0,0,0,"- ","- ",40.903049468994141,-124.09036254882812,HUMBOLDT,ARCATA,-124.090087890625,40.903209686279297
9373258,2021,2021-12-21,1205,2021-09-19,1721,0160,106,7,5,3,1205,0,0,0,,0,,"MAIN ST",12TH,0.00,,Y,A,-,N,,,,,,,,,,Y,3,0,1,2,A,-,12,21453,A,N,D,C,A,A,H,-,A,A,0,,,,,Y,,D,22,0,1,0,0,0,0,0,0,0,"- ","- ",40.597969055175781,-124.15448760986328,HUMBOLDT,FORTUNA,-124.15447998046875,40.597972869873047
9377464,2021,2021-12-29,1203,2021-10-22,1938,4107,P39,5,5,4,1203,0,0,0,,0,022,"W HAWTHORNE ST","BROADWAY ST",0.00,,Y,A,-,Y,HUM,1,101,-,-,77.140,I,6,N,N,4,0,1,2,A,-,09,21804,,N,H,G,A,B,H,-,C,A,0,,Y,,,Y,,L,04,0,0,1,0,0,0,1,0,0,"- ","- ",40.789100646972656,-124.17958831787109,HUMBOLDT,EUREKA,-124.17973327636719,40.789043426513672
9379000,2021,2021-12-31,1203,2021-10-08,2012,4101,P51,5,5,4,1203,0,0,0,,0,002,"RT 101","N MALL ENT",177.00,S,N,C,-,Y,HUM,1,101,-,-,76.250,H,-,N,N,2,0,1,4,A,-,11,21954,A,N,G,B,D,A,H,-,C,D,0,Y,,,,Y,,N,60,1,0,0,0,1,0,0,0,0,"- ","- ",40.778671264648438,-124.18813323974609,HUMBOLDT,EUREKA,-124.18830871582031,40.778587341308594
9380607,2021,2022-02-01,1203,2021-11-17,1750,4048,P16,3,5,4,1203,0,0,0,,0,001,"F ST","4TH ST",0.00,,Y,A,-,N,,,,,,,,,,N,3,0,1,2,A,-,12,21453,A,N,D,G,A,A,H,-,C,A,0,,Y,,,Y,,-,,0,1,0,0,0,0,1,0,0,"- ","- ",40.802619934082031,-124.16725158691406,HUMBOLDT,EUREKA,-124.16622161865234,40.802776336669922
9384753,2021,2022-01-03,1203,2021-12-08,0939,4067,P51,3,5,4,1203,0,0,0,,0,002,"BROADWAY ST","HIGHLAND AV",0.00,,Y,A,-,Y,HUM,1,101,-,-,75.990,I,5,N,N,3,0,1,2,A,-,09,21802,,N,D,C,A,A,H,-,A,D,0,,,,,Y,,D,82,0,1,0,0,0,0,0,0,0,"- ","- ",40.775360107421875,-124.18818664550781,HUMBOLDT,EUREKA,-124.19033813476562,40.775344848632812
9386516,2021,2022-01-07,1203,2021-12-23,1528,4067,P171,4,5,4,1203,0,0,0,,0,0OT,"F ST","3RD ST",36.00,N,N,A,-,N,,,,,,,,,,Y,3,0,1,3,A,-,21,22106,,N,B,C,A,B,H,-,A,D,0,,,,,Y,,A,01,0,1,0,0,0,0,0,0,0,"- ","- ",40.803611755371094,-124.16638946533203,HUMBOLDT,EUREKA,-124.16641235351562,40.803695678710938
9386517,2021,2022-02-07,1203,2021-11-08,0759,0460,P63,1,5,4,1203,0,0,0,,0,003,"H ST",EVERDING,14.00,S,N,A,-,N,,,,,,,,,,Y,3,0,3,3,A,-,09,21802,,N,D,C,A,A,C,-,A,D,0,,,,,Y,,A,01,0,2,1,0,0,0,0,0,0,"- ","- ",40.779560089111328,-124.16133117675781,HUMBOLDT,EUREKA,-124.16135406494141,40.779502868652344
9395474,2021,2022-02-01,1203,2021-09-21,0648,0491,P20,2,5,4,1203,0,0,0,,0,003,"R ST","5TH ST",116.00,N,N,A,-,N,,,,,,,,,,Y,3,0,1,1,A,-,03,22350,,N,E,I,A,A,H,-,A,A,0,,,,,Y,,D,82,0,1,0,0,0,0,0,0,0,"- ","- ",40.799560546875,-124.14813995361328,HUMBOLDT,EUREKA,-124.15364837646484,40.804214477539062
9400397,2021,2022-02-08,1201,2021-11-12,1352,658,403,5,5,3,1201,0,0,0,,0,0PR,"7TH ST","A ST",0.00,,Y,A,-,N,,,,,,,,,,Y,3,0,1,2,A,-,09,21802,A,N,D,C,A,A,H,-,A,A,0,,,,,Y,,A,01,0,1,0,0,0,0,0,0,0,"- ","- ",40.866168975830078,-124.07933807373047,HUMBOLDT,ARCATA,-124.0791015625,40.865993499755859
9410931,2021,2022-02-25,1203,2021-12-11,0055,4106,P30,6,5,4,1203,0,0,0,,0,003,"HARRISON AV","17TH ST",0.00,,Y,A,-,N,,,,,,,,,,Y,3,0,1,2,A,-,01,23152,,N,C,E,A,A,H,-,C,D,0,,,,,Y,Y,A,01,0,1,0,0,0,0,0,0,0,"- ","- ",40.792751312255859,-124.13993072509766,HUMBOLDT,EUREKA,-124.13961029052734,40.793067932128906
9413667,2021,2022-02-18,1203,2021-10-18,1550,4036,P2,1,5,4,1203,0,0,0,,0,001,"RT 101","V ST",1425.00,E,N,A,-,Y,HUM,1,101,-,-,79.670,H,-,N,N,3,0,1,2,A,-,11,21954,A,N,G,B,D,A,H,-,A,D,0,Y,,,,Y,,N,60,0,1,0,0,1,0,0,0,0,"- ","- ",40.804378509521484,-124.14408111572266,HUMBOLDT,EUREKA,-124.14411926269531,40.804477691650391
9413969,2021,2022-03-02,1203,2021-11-01,1032,4036,P31,1,5,4,1203,0,0,0,,0,002,"BROADWAY ST","W WABASH AV",0.00,,Y,A,-,Y,HUM,1,101,-,-,77.300,H,-,S,N,3,0,1,2,A,-,03,22350,,F,C,C,A,A,H,-,A,A,0,,,,,Y,,A,01,0,1,0,0,0,0,0,0,0,"- ","- ",40.791511535644531,-124.17835998535156,HUMBOLDT,EUREKA,-124.17843627929688,40.791526794433594